{ "OMSId":1, "InstrumentId":1, "BestBid":13364, "BestOffer":13471.95, "LastTradedPx":13471.22, "LastTradedQty":0.03859542, "LastTradeTime":1550186862760, "SessionOpen":13390.97, "SessionHigh":13598, "SessionLow":13360.02, "SessionClose":13467.42, "Volume":0.03859542, "CurrentDayVolume":84.91343282, "CurrentDayNumTrades":642, "CurrentDayPxChange":3.80, "Rolling24HrVolume":86.33570947, "Rolling24NumTrades":656, "Rolling24HrPxChange":0.0372042319256865888769000300, "TimeStamp":"1550186862767" }