{
  "OMSId": 1,
  "InstrumentId": 1,
  "BestBid": 13368.05,
  "BestOffer": 13469,
  "LastTradedPx": 13369.29,
  "LastTradedQty": 0.05985,
  "LastTradeTime": 1550188096345,
  "SessionOpen": 13390.97,
  "SessionHigh": 13598,
  "SessionLow": 13360.02,
  "SessionClose": 13467.42,
  "Volume": 0.05985,
  "CurrentDayVolume": 86.49189406,
  "CurrentDayNumTrades": 649,
  "CurrentDayPxChange": -98.13,
  "Rolling24HrVolume": 86.52728059,
  "Rolling24NumTrades": 652,
  "Rolling24HrPxChange": -0.7286473578458234762114792600,
  "TimeStamp": "1550188096344"
}