{ "OMSId":1, "InstrumentId":1, "BestBid":14470.05, "BestOffer":14599, "LastTradedPx":14471.93, "LastTradedQty":0.06910826, "LastTradeTime":1551360481460, "SessionOpen":14412.57, "SessionHigh":14600, "SessionLow":14412.36, "SessionClose":14412.04, "Volume":0.06910826, "CurrentDayVolume":19.07683116, "CurrentDayNumTrades":180, "CurrentDayPxChange":59.89, "Rolling24HrVolume":88.62667345, "Rolling24NumTrades":688, "Rolling24HrPxChange":-0.8840484322659870789760434400, "TimeStamp":"1551360481517" }