{ "OMSId":1, "InstrumentId":1, "BestBid":14475.29, "BestOffer":14599, "LastTradedPx":14476.47, "LastTradedQty":0.06798928, "LastTradeTime":1551361001630, "SessionOpen":14412.57, "SessionHigh":14600, "SessionLow":14412.36, "SessionClose":14412.04, "Volume":0.06798928, "CurrentDayVolume":19.15724744, "CurrentDayNumTrades":182, "CurrentDayPxChange":64.43, "Rolling24HrVolume":88.18743712, "Rolling24NumTrades":682, "Rolling24HrPxChange":-0.8528867885761249229504828400, "TimeStamp":"1551361001632" }